atkPaticles,superParticles,superWidth,superSpread,superfreqMS,atkfreqMS,reloadMs,dmgPerParticle,superDmgPerParticle,superChargePerParticle,atkthroughEnemies,wr, class,superType,hp,atkSpread,atkWidth,atkRange,superRange,speed,name,id,classId,superTId,dry_season_pr,dry_season_wr,hideout_pr,hideout_wr,layer_cake_pr,layer_cake_wr,shooting_star_pr,shooting_star_wr,triple_dribble_pr,triple_dribble_wr,pinball_dreams_pr,pinball_dreams_wr,sneaky_fields_pr,sneaky_fields_wr,center_stage_pr,center_stage_wr,belles_rock_pr,belles_rock_wr,flaring_phoenix_pr,flaring_phoenix_wr,new_horizons_pr,new_horizons_wr,out_in_the_open_pr,out_in_the_open_wr,parallel_plays_pr,parallel_plays_wr,dueling_beetles_pr,dueling_beetles_wr,open_business_pr,open_business_wr,ring_of_fire_pr,ring_of_fire_wr,double_swoosh_pr,double_swoosh_wr,gem_fort_pr,gem_fort_wr,hard_rock_mine_pr,hard_rock_mine_wr,undermine_pr,undermine_wr,below_zero_pr,below_zero_wr,cool_box_pr,cool_box_wr,starr_garden_pr,starr_garden_wr,super_center_pr,super_center_wr
,,,,,,1500,1920,0,0.0848,,0.512802365,DPS,SPAWN,5000,9,0.33,10,5,580,8-BIT,0,3,1,0.005651306,0.514397906,0.004358488,0.52495097,0.001456983,0.500655308,0.005321072,0.517216383,0.000166122,0.37150838,0.000478424,0.444253859,0.000137969,0.494047619,0.000449656,0.463833635,0.000851428,0.489236791,0.001592413,0.473492723,0.002019529,0.457671958,0.003979979,0.500411523,0.000361685,0.378446115,0.001760332,0.476953908,0.002208051,0.453306613,0.011754967,0.483523501,0.002879462,0.501357057,0.005099408,0.509699506,0.02124796,0.535918484,0.010740592,0.534272902,0.000680153,0.467914439,0.000676874,0.438502674,0.000438654,0.3625,0.000538108,0.414383562
,,,,,,220,,480,0.04305,,0.519741621,CONTROLLER,ZONE,3200,15,0,8.33,7.33,720,AMBER,1,5,0,0.000870996,0.524416136,0.000666738,0.47008547,0.000809647,0.474056604,0.000621017,0.461180124,0.002496476,0.51802974,0.002692469,0.508381591,0.003471387,0.501537734,0.010218502,0.525065648,0.000433212,0.450961538,0.001013881,0.435918367,0.000557419,0.42172524,0.000941765,0.482608696,0.004106348,0.506512141,0.008658788,0.545426767,0.007329489,0.524812847,0.014839846,0.549608795,0.025814429,0.523176803,0.008792552,0.51731745,0.004325781,0.472417252,0.016105727,0.524004059,0.004644684,0.506264683,0.005433091,0.504996669,0.003772426,0.519379845,0.00395104,0.515858209
,,,,,,2000,,500,0.2,,0.556051338,MARKSMAN,DMG,3000,0,0.67,10,2.33,820,ANGELO,2,4,4,0.022762408,0.542854822,0.039644293,0.547064038,0.013406914,0.508189717,0.051817294,0.567432772,5.75E-05,0.25,0.000216645,0.40530303,8.46E-05,0.354368932,0.00010164,0.316,0.023289312,0.545000894,0.017255835,0.522950741,0.035046134,0.554423497,0.049831629,0.583097781,0.000809485,0.440649496,0.000428618,0.518518519,0.000363731,0.459854015,0.012715864,0.512633816,0.000229245,0.46969697,0.000277374,0.468531469,0.000972758,0.475468332,0.001154218,0.51266766,0.00034917,0.453125,0.000550186,0.519736842,0.000332646,0.43956044,0.000217455,0.491525424
,,,,,,1400,,1500,0.168,,0.534350242,TANK,SPAWN,5400,0,1.67,4.67,5,770,ASH,3,1,1,0.000495599,0.496268657,0.000179506,0.53968254,0.002755473,0.544005544,6.17E-05,0.5625,0.011535759,0.51995173,0.00976133,0.54779319,0.025178435,0.546495319,0.015168788,0.537335835,0.000220772,0.411320755,0.000620743,0.48,0.000309875,0.465517241,0.000222748,0.588235294,0.007352448,0.531931944,0.004951154,0.542126826,0.006203781,0.550285307,0.004669357,0.566345123,0.021523024,0.556604535,0.022469208,0.544371547,0.023189138,0.56157617,0.01826451,0.558203051,0.001971354,0.519372694,0.001574547,0.522988506,0.002525917,0.515195369,0.002712654,0.507472826
1,5,,,,,2000,800,800,0.18,,0.529884557,ARTILLERY,ZONE,2400,0,0,7.33,9.33,720,BARLEY,4,2,0,0.002686959,0.472126635,0.001893839,0.440822467,0.01397214,0.48435151,0.000969133,0.427860697,0.038751057,0.554328823,0.026499609,0.533073207,0.010338606,0.514377631,0.003261432,0.465843929,0.014295997,0.47747669,0.014378069,0.476283675,0.003554656,0.476703407,0.00030464,0.430107527,0.045241441,0.517682182,0.036922876,0.548237233,0.033992474,0.567248112,0.006049644,0.461945731,0.001211354,0.402150538,0.002315973,0.441373534,0.003947438,0.492965487,0.001049289,0.467213115,0.000196408,0.527777778,0.000231657,0.34375,0.000416721,0.486842105,0.000832962,0.528761062
,,,,,,900,,200,0.26,,0.53364757,MARKSMAN,ZONE,2500,0,1,10,9,720,BEA,5,4,0,0.022915896,0.488863783,0.020004027,0.493400437,0.008615866,0.471852837,0.02223028,0.484318744,0.005275081,0.548469388,0.016510146,0.571325613,0.013019137,0.581688009,0.004827504,0.519285835,0.006020814,0.483464785,0.005213416,0.480473091,0.019124978,0.493714499,0.016868232,0.492887659,0.002991379,0.528333333,0.010823043,0.558588657,0.011858869,0.56141791,0.022624108,0.540348626,0.00256946,0.496958432,0.012025992,0.496451613,0.007202404,0.503373494,0.008335828,0.512587701,0.052309975,0.557189542,0.053943606,0.533650943,0.050766914,0.549035138,0.049587021,0.541697636
,,,,,,1400,,500,0.2184,,0.502490448,MARKSMAN,DMG,2600,0,0.67,10,10.67,720,BELLE,6,4,4,0.031202382,0.508563978,0.051939048,0.517006181,0.009244107,0.483371204,0.058298433,0.512951568,0.000246863,0.501879699,0.001304793,0.489937107,0.000257049,0.484025559,0.00037241,0.433406114,0.028426207,0.486679757,0.017414745,0.471104035,0.026852259,0.484182252,0.048937362,0.491298236,0.000192173,0.426886792,0.003197878,0.502206288,0.002327524,0.458555133,0.026358593,0.502449305,0.000710314,0.469437653,0.001988168,0.507317073,0.004397805,0.505327545,0.004266822,0.491836323,0.015567146,0.521845794,0.019665545,0.5048776,0.00970888,0.492846386,0.008624471,0.487179487
,,,,,,2400,,1520,0.12375,,0.493776885,SUPPORT,HEAL,2500,0,0,6.33,8.33,720,BERRY,7,6,3,0.002248687,0.446546053,0.001637401,0.430974478,0.008354259,0.462171429,0.000921882,0.44665272,0.016358876,0.481307086,0.009318192,0.505019815,0.007737735,0.492729781,0.006388698,0.496054474,0.008673405,0.472336951,0.008976775,0.489489213,0.002592976,0.428914835,0.001155504,0.450035436,0.035805905,0.519708861,0.032649044,0.503862777,0.030053383,0.497173062,0.014885889,0.469338354,0.002565986,0.462267343,0.004637765,0.470932664,0.004761397,0.475305267,0.002249091,0.482600382,0.000902022,0.469758065,0.000959207,0.418867925,0.001721718,0.428874735,0.001916549,0.456730769
,,,,,,800,,900,0.175,,0.563490936,TANK,DMG,4800,150,0,3.67,40,820,BIBI,8,1,4,0.001643983,0.496062992,0.000755066,0.489308176,0.00411125,0.49605202,0.000456119,0.458773784,0.033670868,0.578057385,0.02341324,0.58788686,0.031369773,0.556482015,0.020810227,0.54718087,0.001796997,0.49930459,0.002130391,0.523115773,0.001227033,0.505079826,0.00084595,0.521297193,0.042354306,0.582291756,0.021159262,0.565688563,0.015601492,0.578478643,0.005816427,0.559714335,0.014071677,0.500339401,0.011911551,0.530369647,0.015394922,0.542528606,0.00918816,0.531639053,0.019004285,0.602105263,0.016197922,0.593184358,0.021329561,0.587403599,0.023315556,0.593977237
,,,,,,1700,1920,1440,0.1184,,0.545640023,CONTROLLER,ZONE,3600,15,0,8.67,8.67,720,BO,9,5,0,0.005747467,0.536036036,0.003390674,0.56022409,0.005232153,0.538686131,0.003161014,0.551860891,0.00137167,0.464479026,0.003845447,0.526568502,0.002481791,0.5,0.004486806,0.51214208,0.001320464,0.46340694,0.00234972,0.494716449,0.002749694,0.509067358,0.003777704,0.510296987,0.001161199,0.417252147,0.012043634,0.558033099,0.012104011,0.518936901,0.025736012,0.593069384,0.013751255,0.55367517,0.014340025,0.554984445,0.010150183,0.551936394,0.011297919,0.554620889,0.004124566,0.517195767,0.005125421,0.505649718,0.00388209,0.498116761,0.0036267,0.50203252
,,,,,,1000,,1000,0.308,,0.503737944,MARKSMAN,PUSH,4800,0,1,9,7.33,620,BONNIE,10,4,2,0.00118167,0.519561815,0.00172573,0.522289488,0.000700803,0.509536785,0.001815799,0.502389804,8.45E-05,0.510989011,0.000162484,0.507575758,5.01E-05,0.532786885,7.97E-05,0.545918367,0.001414604,0.538869258,0.001028778,0.567980692,0.001269775,0.532258065,0.001908097,0.545922747,0.000115123,0.480314961,9.97E-05,0.424778761,0.000140713,0.540880503,0.000239223,0.523012552,9.90E-05,0.464912281,0.000162933,0.511904762,0.000230824,0.42481203,0.000277804,0.458204334,0.000145487,0.375,0.000166504,0.402173913,0.000171806,0.319148936,0.000151113,0.487804878
1,9,0,0,228,0,2100,1160,1040,20.01,0,0.52709232,MARKSMAN,BREAK,2700,0,0.67,9,8.33,720,BROCK,11,4,6,0.053289814,0.541208315,0.057445806,0.546028702,0.03956195,0.538468964,0.04852224,0.540502405,0.001786511,0.441298701,0.009821235,0.463151738,0.001917598,0.426980728,0.007070094,0.456009201,0.058655243,0.538441326,0.046725414,0.538676822,0.060810269,0.536109647,0.070859184,0.598264126,0.001329804,0.419222904,0.004093037,0.418552036,0.007087887,0.373704582,0.013634721,0.430406695,0.003269353,0.496945551,0.004915139,0.458958169,0.004741438,0.483528551,0.007880849,0.477463713,0.008307327,0.492556918,0.009975748,0.470791001,0.006185024,0.44001182,0.005919188,0.442714819
5,1,0,0,0,0,1600,440,960,11,0,0.509718637,TANK,PUSH,5000,45,0,5.33,11,770,BULL,12,1,2,0.000373548,0.445544554,0.00020515,0.430555556,0.000889848,0.469957082,0.000181291,0.436170213,0.003936822,0.523573786,0.002993639,0.534950658,0.015485325,0.5287972,0.009401315,0.537709739,0.000743958,0.492161254,0.001045332,0.508313539,0.000425633,0.445606695,0.000243221,0.454545455,0.002804645,0.502908856,0.000858118,0.442959918,0.000584979,0.490166415,0.000409382,0.518337408,0.003310166,0.513378804,0.002903695,0.513694055,0.001715561,0.536165908,0.001266027,0.514266304,0.000687428,0.481481481,0.000658776,0.552197802,0.000869998,0.466386555,0.001175729,0.506269592
,,,,,,1800,,800,0.2,,0.562968786,TANK,ZONE,5000,45,0,5.33,3,770,BUSTER,13,1,0,0.00261114,0.543201133,0.000934572,0.554878049,0.005066023,0.566528458,0.000362581,0.52393617,0.007347434,0.539472022,0.006872731,0.562865672,0.012647115,0.558344156,0.016963348,0.576958106,0.003074972,0.525331888,0.018743136,0.582707763,0.006015846,0.526791001,0.009198173,0.571225071,0.003707497,0.490709046,0.007070432,0.562242734,0.007078152,0.569954989,0.006183769,0.576723859,0.02554524,0.566625875,0.017697605,0.568062253,0.012216319,0.551711891,0.023194449,0.566096856,0.011649899,0.577115204,0.010156731,0.593193158,0.015181091,0.56862509,0.016467579,0.576432408
,,,,,,1000,,0,0.1008,,0.51699932,ASSASIN,PUSH,4800,100,0,2.67,10,770,BUZZ,14,0,2,0.002770175,0.46728972,0.001176763,0.475383374,0.007357476,0.494939009,0.000675983,0.437945792,0.017359323,0.525715049,0.014639122,0.531560065,0.023889908,0.521519422,0.033237981,0.554541674,0.003706462,0.506181164,0.005283767,0.500234962,0.002674897,0.514980027,0.001270154,0.466795616,0.024882838,0.50007286,0.005900993,0.494769093,0.005518799,0.49398653,0.003096889,0.470426632,0.016140097,0.496018723,0.014279895,0.516164086,0.012793379,0.525605372,0.009694743,0.498136977,0.006514196,0.494416527,0.006330763,0.522012579,0.008210145,0.506901158,0.008543386,0.51013805
,,,,,,1450,,1500,0.11305,,0.491498179,SUPPORT,HEAL,2400,0,1,10,7.33,720,BYRON,15,6,3,0.0236445,0.506178633,0.038857884,0.508200328,0.007393758,0.486311983,0.042032422,0.500757089,0.000493727,0.471804511,0.002552142,0.517684887,0.000836845,0.477428852,0.000864349,0.430385701,0.018316538,0.502024015,0.014378897,0.479019168,0.021977963,0.497244956,0.035661757,0.489436701,0.000907385,0.481518482,0.003939581,0.480747705,0.003959446,0.476084041,0.011678896,0.470774769,0.002357581,0.472191529,0.002777616,0.497905028,0.005463414,0.476572427,0.007738077,0.488718462,0.004604675,0.489336493,0.005773338,0.470846395,0.003348394,0.483624454,0.002815853,0.455497382
,,,,,,750,740,3000,0.17575,,0.54785506,DPS,PUSH,4000,0,1.67,8.33,2.33,720,CARL,16,3,2,0.025778534,0.577546628,0.012831374,0.552553664,0.030298748,0.588012857,0.011821498,0.549473856,0.015867006,0.5553021,0.015768302,0.550871715,0.011917032,0.554613741,0.019799517,0.545420945,0.015157423,0.553066945,0.013756498,0.548793695,0.018964697,0.552774908,0.017014,0.552536581,0.011631027,0.543332554,0.015241512,0.553523898,0.015553703,0.555903272,0.018263039,0.540776061,0.014885325,0.543227161,0.026715159,0.559790895,0.022344808,0.557009709,0.023010393,0.556926067,0.028893787,0.503021148,0.02628588,0.487262462,0.029298446,0.512289457,0.02748405,0.509588306
,,,,,,200,,0,0.1,,0.540604352,CONTROLLER,FOCUS,3500,0,1,8.33,9,720,CHARLIE,17,5,5,0.001120645,0.50660066,0.0008225,0.461893764,0.000824923,0.430555556,0.000559301,0.460344828,0.001221324,0.503799392,0.001528824,0.519592056,0.001176839,0.52337753,0.001747399,0.540716612,0.000952233,0.488188976,0.000994017,0.4683597,0.001271555,0.464985994,0.001656687,0.506673258,0.001286293,0.475334743,0.000799028,0.503311258,0.000910655,0.500485909,0.001047978,0.540592168,0.00396751,0.526482819,0.003212104,0.527777778,0.003711407,0.51017068,0.00459279,0.5582397,0.007321651,0.555886736,0.006616716,0.551148796,0.007438844,0.58009828,0.006744778,0.549180328
,,,,,,1900,,1880,0.16,,0.538674985,DPS,DMG,3500,30,0,8.33,6.33,770,CHESTER,18,3,4,0.004391967,0.476631579,0.001553821,0.500611247,0.00629386,0.484223301,0.001199604,0.45659164,0.010225342,0.502904338,0.010881482,0.517420814,0.01322609,0.506364483,0.014913468,0.524208058,0.00209608,0.472376789,0.004050557,0.510318758,0.003264371,0.463720676,0.002768788,0.495563443,0.006979885,0.492012987,0.005545575,0.525445293,0.006454234,0.517551076,0.005620244,0.547016919,0.016180041,0.515751623,0.018046746,0.52472055,0.009359654,0.506350825,0.015919951,0.519232847,0.020051793,0.513150735,0.018818547,0.519619158,0.020770277,0.530887012,0.020311734,0.532571221
,,,,,,2000,,1750,0.135,,0.535044316,CONTROLLER,ZONE,4500,0,1.33,6.67,10,770,CHUCK,19,5,0,0.000258895,0.435714286,0.000235543,0.483870968,0.000339899,0.488764045,0.000275793,0.48951049,0.00013364,0.236111111,0.000117349,0.262237762,0.000118259,0.350694444,0.000326875,0.364427861,0.000873089,0.483301527,0.001025468,0.486682809,0.000263572,0.452702703,0.000379163,0.389848812,0.003713843,0.5141567,0.006984003,0.533716378,0.005390475,0.544327697,0.00751301,0.585198508,0.000687736,0.411616162,0.000682766,0.514204545,0.000551027,0.470866142,0.000567648,0.431818182,0.00016731,0.5,0.000177363,0.37755102,0.000248571,0.404411765,0.000128998,0.685714286
,,,,,,2000,,2400,0.14875,,0.470592793,DPS,DMG,3300,0,1,7.67,8.33,820,CLANCY,20,3,4,0.000134995,0.369863014,5.41E-05,0.473684211,0.000169949,0.393258427,5.50E-05,0.228070175,0.002838001,0.473021583,0.002991177,0.503292181,0.003772782,0.478341315,0.004150987,0.49784525,6.33E-05,0.407894737,8.61E-05,0.384615385,4.45E-05,0.4,5.81E-05,0.253521127,0.001226466,0.410569106,0.002186304,0.502622025,0.002583286,0.493662213,0.00265848,0.514683735,0.005098975,0.518222071,0.002186015,0.49689441,0.00228915,0.486732373,0.00294317,0.495032145,0.002280514,0.499202552,0.002512035,0.547550432,0.002584404,0.514144272,0.002436229,0.506051437
,,,,,,1600,,2000,0.25,,0.502361964,DPS,DMG,3400,0,1,8.67,11,720,COLETTE,21,3,4,0.003140025,0.460541814,0.002201564,0.452113891,0.002436579,0.450626959,0.002186095,0.456109396,0.010375687,0.469454383,0.01139109,0.479360277,0.013086479,0.477282711,0.017050352,0.472817016,0.002245205,0.473654917,0.003227865,0.448461538,0.002940249,0.431253786,0.003527113,0.453099605,0.007357887,0.459406185,0.012246478,0.507093475,0.011442923,0.489211137,0.013534628,0.484987428,0.010626049,0.46853804,0.008290176,0.478474497,0.007732605,0.469083156,0.008061464,0.468686653,0.016632841,0.486551498,0.016914613,0.458805906,0.017133102,0.482398122,0.016382809,0.476265467
6,12,1.01,0,116,133,1400,360,320,8.37,0,0.477102478,DPS,BREAK,2800,0,0.67,9,11,720,COLT,22,3,6,0.024735557,0.447816986,0.039896931,0.476849097,0.009501895,0.41840836,0.035425922,0.455099763,0.009076406,0.477505112,0.030067685,0.472557314,0.013488887,0.477138508,0.032276871,0.482000252,0.01014216,0.419172006,0.009919477,0.424488945,0.030570757,0.462454853,0.02623019,0.436184827,0.001411387,0.403982017,0.004487259,0.426886792,0.012550046,0.396728016,0.020198846,0.424628345,0.007177815,0.460924268,0.008546213,0.45506128,0.007387237,0.415952073,0.016782605,0.45866858,0.036706457,0.492370194,0.037260651,0.490917039,0.030544955,0.465114888,0.029647539,0.482347091
,,,,,,1200,,0,0.1575,,0.487176255,ASSASIN,FOCUS,3200,0,0.67,5.33,9,820,CORDELIUS,23,0,5,0.00204342,0.486877828,0.000906079,0.468553459,0.006305317,0.489400363,0.000352938,0.448087432,0.015604365,0.506215059,0.01472857,0.520169378,0.017310123,0.488542556,0.010652709,0.476833829,0.006179103,0.519077794,0.00960414,0.493967597,0.003789734,0.489896617,0.001978524,0.488203642,0.02870999,0.502462743,0.00873287,0.500706928,0.006747165,0.506099161,0.001828706,0.475916804,0.01412812,0.465334972,0.011174474,0.473702482,0.010625715,0.464842793,0.008197356,0.464222012,0.004026362,0.516711834,0.003464003,0.485370951,0.005629396,0.538311688,0.006140328,0.519507803
,,,,,,1400,,1280,0.0712,,0.493302619,ASSASIN,PUSH,2400,22.5,0,8.67,8.67,820,CROW,24,0,2,0.005856572,0.468266498,0.004823875,0.457373499,0.004002406,0.453244275,0.005124353,0.452013549,0.001064482,0.440278989,0.002048279,0.490384615,0.001080753,0.484802432,0.002285685,0.50871576,0.001657869,0.407788945,0.002530977,0.420536298,0.004452225,0.42,0.005637485,0.412914003,0.000880191,0.403707518,0.002329177,0.460431655,0.004342647,0.451395965,0.01065394,0.506153702,0.013571505,0.517275577,0.007192319,0.507281553,0.007054885,0.507872079,0.012668875,0.508825526,0.007790847,0.501167134,0.008886234,0.510386965,0.00712082,0.483829569,0.006873777,0.496246649
,,,,,,1800,2400,400,0.051,,0.540692919,TANK,PUSH,5300,40,0,6,7,770,DARRYL,25,1,2,0.005697537,0.480363518,0.003172227,0.515568862,0.011304506,0.525337838,0.002349064,0.513546798,0.010344133,0.523057599,0.009876217,0.551641047,0.009468912,0.52745013,0.009763967,0.530354763,0.021217392,0.559466782,0.03077314,0.594604771,0.012598016,0.565309584,0.011900628,0.552263969,0.008403963,0.483442994,0.006027991,0.484711046,0.005764826,0.489637703,0.006357932,0.52802267,0.008368328,0.524955899,0.00922122,0.520824569,0.014030804,0.531263529,0.008885414,0.529425999,0.006205035,0.534290739,0.005795056,0.538725796,0.006985568,0.515175301,0.006958547,0.522245763
,,,,,,1500,,0,0.21,,0.534433884,SUPPORT,HEAL,5000,360,0,3.33,9.33,770,DOUG,26,6,3,0.0001239,0.447761194,0.000113972,0.45,0.000181407,0.442105263,9.55E-05,0.353535354,0.000928058,0.5245,0.000417698,0.52848723,0.003626601,0.55151721,0.002403588,0.548037889,0.00026076,0.418530351,0.000360859,0.564220183,0.000146033,0.512195122,0.000158053,0.492227979,0.007395959,0.572986886,0.000721419,0.545232274,0.000350456,0.494949495,0.000272254,0.4375,0.001122782,0.539829853,0.000704102,0.490358127,0.000498094,0.552264808,0.000276944,0.462732919,0.000203682,0.375,0.000141166,0.423076923,0.00020105,0.427272727,0.000176912,0.572916667
,,,,,,1000,,3200,0.175,,0.543672862,TANK,PUSH,5500,0,1.33,4,5.67,720,DRACO,27,1,2,0.000166432,0.466666667,0.000138666,0.493150685,0.000465929,0.508196721,0.000109932,0.456140351,0.002984634,0.506063433,0.002151678,0.537566743,0.004266348,0.519345525,0.002873573,0.515846067,0.000331574,0.51758794,0.00067123,0.5351418,0.000204802,0.530434783,0.000303821,0.495956873,0.00305302,0.510243468,0.009198529,0.592905081,0.008324218,0.59212205,0.006158746,0.624004551,0.004633537,0.528485757,0.002345068,0.512820513,0.002722162,0.517054511,0.003018856,0.536324786,0.00051648,0.556338028,0.000546567,0.460264901,0.000511763,0.510714286,0.000906675,0.491869919
,,,,,,1600,1600,2200,0.25,,0.488619941,ARTILLERY,BREAK,2800,0,0,7.33,7.33,770,DYNAMIKE,28,2,6,0.00830128,0.488081978,0.009757923,0.467588086,0.02571966,0.506422155,0.005091566,0.436174242,0.04190831,0.545751489,0.0350538,0.522298436,0.023199244,0.496955644,0.011920366,0.469611187,0.020087709,0.463088918,0.021181415,0.501250391,0.01202635,0.470901821,0.001605913,0.414584396,0.030619941,0.476331449,0.030669111,0.467375988,0.0266621,0.479105122,0.005623246,0.380384478,0.005519258,0.474826935,0.007394045,0.474816369,0.011774629,0.49517282,0.004911877,0.46655577,0.002495108,0.454081633,0.002283998,0.448494453,0.004408475,0.462271973,0.005311052,0.467730743
,,,,,,700,,0,0.0837,,0.511466729,ASSASIN,PUSH,3300,0,2,2,6.67,820,EDGAR,29,0,2,0.008145943,0.488989784,0.005060367,0.481418919,0.017506707,0.524760035,0.003299875,0.450029223,0.00846296,0.51151442,0.006539557,0.539716401,0.005902261,0.504522054,0.004731556,0.493899295,0.019160468,0.531827471,0.018157154,0.566414441,0.011750312,0.539102758,0.004239578,0.507726483,0.017783297,0.531501682,0.010219803,0.507809803,0.007633926,0.482378855,0.004293005,0.478782933,0.004772474,0.487263464,0.006633692,0.516081871,0.006252207,0.507980569,0.004492161,0.500287191,0.003702653,0.50540275,0.003529156,0.474358974,0.003900367,0.507497657,0.004323292,0.513640239
4,1,0,0,0,,800,1520,960,0.08455,,0.53116089,TANK,PUSH,6300,0,1.33,3,9,770,EL PRIMO,30,1,2,0.000499297,0.411111111,0.000278282,0.436860068,0.001290852,0.454142012,0.000276757,0.379790941,0.015279545,0.559098639,0.0106952,0.561229187,0.028063456,0.552016271,0.016277886,0.559843149,0.000802275,0.470924195,0.001238176,0.468248663,0.000596598,0.429850746,0.000374249,0.409190372,0.009983049,0.53164442,0.003673238,0.493637455,0.002629306,0.499158532,0.000892833,0.460762332,0.003767788,0.50057617,0.00359034,0.49810913,0.002615427,0.495023225,0.001893881,0.484559491,0.002651507,0.545953361,0.0024686,0.557184751,0.003059613,0.528673835,0.003376075,0.520742358
,,,,,,2000,1560,240,0.1118,,0.50463596,CONTROLLER,ZONE,3600,40,0,6.67,5.67,720,EMZ,31,5,0,0.002607441,0.429078014,0.000718025,0.416666667,0.00436331,0.484901532,0.000487942,0.387351779,0.006114973,0.509713158,0.006844009,0.498381295,0.009760452,0.537694573,0.009246822,0.53055751,0.00098889,0.429233361,0.001309354,0.486409608,0.001476358,0.42159228,0.001347952,0.459599028,0.005742542,0.456432518,0.01592589,0.496206667,0.014976689,0.502452284,0.011873078,0.523857697,0.018752106,0.539546191,0.015519348,0.494188226,0.008419003,0.484230056,0.010320876,0.508,0.014265034,0.523712392,0.015307489,0.514305983,0.016094954,0.508857597,0.016021613,0.507246377
,,,,,,1600,,800,0.12,,0.559427828,DPS,SPAWN,2900,0,1,9.33,2.67,720,EVE,32,3,1,0.005022561,0.50994109,0.006392893,0.540632893,0.004179994,0.533120146,0.015580386,0.54286068,0.000193964,0.526315789,0.000431649,0.519961977,0.000169176,0.52184466,0.000339072,0.513189448,0.002448481,0.506294658,0.003718666,0.535388382,0.005531444,0.540244688,0.040385321,0.573669269,0.00144674,0.509398496,0.000784918,0.498876404,0.000926585,0.549188157,0.01190811,0.598890477,0.001058524,0.55783429,0.001369411,0.531161473,0.001778907,0.548780488,0.002249091,0.547227533,0.000851101,0.510683761,0.000781844,0.543981481,0.000763989,0.533492823,0.000670792,0.494505495
,,,,,,1000,,1200,0.255,,0.494881642,ASSASIN,PUSH,4300,0,2,9.33,10,770,FANG,33,0,2,0.006426141,0.468776978,0.009774069,0.490622874,0.004779591,0.466240511,0.011625743,0.467650962,0.005503383,0.478161889,0.008482796,0.482054755,0.004382965,0.462244707,0.005748771,0.481400283,0.002892523,0.512384793,0.004177188,0.500594413,0.004630314,0.508269231,0.005455683,0.467952567,0.003557929,0.470700637,0.006570378,0.453087248,0.012604031,0.439860975,0.038768171,0.488730249,0.007517341,0.48180663,0.007975948,0.491488327,0.008508382,0.488832228,0.011120744,0.489481825,0.028919247,0.521821155,0.030969704,0.534887798,0.025993917,0.535930249,0.024830367,0.521819801
,,,,,,1300,,0,0.1125,,0.492497007,CONTROLLER,ZONE,3600,0,1.47,8.33,7.33,770,FINX,34,5,0,0.001708706,0.442640693,0.00065724,0.462427746,0.001027335,0.462825279,0.000565087,0.433447099,0.000569828,0.496742671,0.000677836,0.478208232,0.000351491,0.438084112,0.000675704,0.469915764,0.0003574,0.442890443,0.000530529,0.490639626,0.001211005,0.504411765,0.000728844,0.501685393,0.000446894,0.448275862,0.000973651,0.430253623,0.001325715,0.426568758,0.002140998,0.49088359,0.000922192,0.464218456,0.002701969,0.449389806,0.000872966,0.450298211,0.001191201,0.485920578,0.001574901,0.498845266,0.001784486,0.46653144,0.001162434,0.490566038,0.001348956,0.474043716
,,,,,,800,,1240,0.348,,0.558030316,TANK,ZONE,6700,65,0,6,7,770,FRANK,35,1,0,0.001194615,0.464396285,0.000546117,0.48173913,0.002885322,0.484447386,0.000297972,0.469255663,0.025347117,0.567662566,0.024817329,0.590321407,0.031536485,0.587146168,0.025482425,0.601869875,0.00136795,0.488733252,0.002353858,0.520745429,0.001127303,0.536334913,0.000975341,0.488245172,0.008306063,0.490450726,0.023715094,0.542952771,0.024639897,0.566374542,0.008923325,0.55832866,0.012750043,0.516515698,0.01113762,0.500522466,0.008964824,0.505372181,0.009389417,0.530548686,0.015567146,0.57978972,0.014692149,0.583394925,0.017027094,0.569128381,0.018874322,0.56785784
,,,,,,1200,,600,0.056,,0.49066376,CONTROLLER,ZONE,3800,0,2,8.33,10,720,GALE,36,5,0,0.001660626,0.426503341,0.001029549,0.474169742,0.002251353,0.460559796,0.000803272,0.456182473,0.014012746,0.492880323,0.01445202,0.498438476,0.013706516,0.511503895,0.024919745,0.52757203,0.001915297,0.475424097,0.002619537,0.463981043,0.001561841,0.469213227,0.002140672,0.471117062,0.014695831,0.460584752,0.01396095,0.499684144,0.014861641,0.47561484,0.015548507,0.531447148,0.014370391,0.49268838,0.007392106,0.477827342,0.009531471,0.462217771,0.013336292,0.495646846,0.022121351,0.538309767,0.021902487,0.54090233,0.02184498,0.510960509,0.021539063,0.530629706
,,,,,,2000,,0,0.25,,0.51297241,CONTROLLER,FOCUS,3600,80,1,5.67,7.67,720,GENE,37,5,5,0.064217028,0.513937684,0.060144099,0.51766285,0.052858111,0.488927423,0.062865414,0.50087434,0.000484446,0.340038314,0.000912535,0.373201439,0.000507527,0.387540453,0.001115603,0.379008746,0.053824929,0.517575223,0.070592578,0.526327205,0.065748677,0.507570628,0.074746624,0.520142647,0.000779572,0.336627907,0.001001872,0.324383803,0.001985918,0.326648841,0.005535164,0.36238698,0.053008673,0.495405029,0.040320047,0.464448934,0.038886908,0.479090889,0.038662862,0.488499099,0.007663546,0.449928809,0.011644406,0.469381411,0.006254478,0.438047925,0.005897074,0.4771875
,,,,,,1400,,0,0.116,,0.533855837,SUPPORT,PUSH,3300,0,0.33,9,6.67,720,GRAY,38,6,2,0.04219247,0.543478261,0.036268815,0.541519365,0.042475916,0.530120482,0.0317085,0.532266894,0.004553052,0.495108031,0.007617858,0.5022622,0.001289349,0.468471338,0.001555502,0.45033978,0.056579158,0.566856613,0.044933535,0.543368945,0.054336734,0.559535905,0.019924462,0.513337443,0.006743294,0.510619707,0.015289136,0.516526304,0.013828857,0.514367081,0.010493791,0.528567341,0.00175668,0.471082551,0.003749394,0.471288153,0.003701862,0.498827942,0.003733577,0.494240958,0.044366366,0.518445647,0.042939878,0.518250021,0.044527058,0.50299647,0.04464085,0.519691215
,,,,,,1700,,3600,0.07,,0.500914042,CONTROLLER,ZONE,3400,15,0,8.33,9,720,GRIFF,39,5,0,0.001730897,0.452991453,0.001004855,0.474480151,0.002505323,0.512957317,0.000461905,0.482254697,0.012769148,0.502180391,0.019855012,0.516429014,0.022532396,0.535189707,0.022077071,0.527531214,0.001585389,0.470047294,0.001931753,0.475149957,0.001734587,0.470225873,0.001284894,0.508604207,0.005454282,0.473408675,0.016387139,0.532721597,0.019967149,0.524199982,0.011828036,0.561183041,0.011337231,0.527879902,0.010352051,0.517144463,0.006636625,0.499738494,0.009282768,0.510979338,0.012195477,0.508798091,0.012140298,0.501341682,0.012242108,0.483427889,0.01293302,0.491735537
,,,,,,2000,,1600,0.22,,0.558579865,ARTILLERY,ZONE,2800,0,0.83,7.67,8.33,720,GROM,40,2,0,0.016887344,0.602496715,0.015590452,0.587024063,0.023185694,0.592159447,0.021712444,0.617560846,0.002133605,0.514354067,0.002373246,0.497925311,0.000918969,0.452189455,0.006127686,0.531050955,0.026043541,0.607370206,0.027361535,0.6086391,0.017091201,0.599353965,0.007491532,0.582914298,0.0010914,0.397425249,0.004929106,0.464841653,0.004012546,0.463608293,0.004537233,0.451577322,0.000727681,0.474940334,0.002135583,0.475930972,0.001739858,0.50723192,0.001107774,0.468167702,0.000869287,0.426778243,0.000763746,0.462085308,0.001147812,0.417197452,0.001197843,0.501538462
,,,,,,1500,1080,0,0.252,,0.520354112,SUPPORT,HEAL,3200,0,1,9.33,9.33,720,GUS,41,6,3,0.046416155,0.539043825,0.062577406,0.549288934,0.022989011,0.509427693,0.065175905,0.546265609,0.002994843,0.490858382,0.015513908,0.527691087,0.005370096,0.504664322,0.003467152,0.474085366,0.054339785,0.554219176,0.043199592,0.534419006,0.047086731,0.539145234,0.064740171,0.545525267,0.00253814,0.4725,0.012200618,0.52305913,0.015494409,0.512679918,0.031730605,0.528532223,0.013467303,0.490360436,0.014677529,0.481432536,0.040283133,0.518913446,0.038766931,0.532945822,0.012813798,0.48169174,0.012875086,0.47933652,0.009953795,0.468600808,0.008270646,0.482174688
,,,,,,250,,3960,0.2,,0.576266379,TANK,HEAL,5600,0,0,4.67,20,720,HANK,42,1,3,0.013444042,0.549793673,0.005653023,0.552923387,0.021988409,0.516196266,0.002917043,0.515371901,0.024808843,0.574498728,0.020175876,0.600239974,0.018667635,0.528573314,0.012311478,0.529555512,0.01158509,0.524090321,0.009011537,0.523144747,0.012069091,0.55312085,0.003802272,0.554167564,0.035270176,0.609576191,0.018151881,0.603755709,0.018684798,0.656325487,0.007205723,0.640852896,0.007824738,0.506714016,0.019709049,0.530361185,0.012330863,0.532406756,0.008986903,0.546463776,0.022608734,0.587998713,0.021091686,0.585893256,0.025504087,0.598753046,0.026337807,0.565211307
,,,,,,1800,1240,0,0.2542,,0.588486563,TANK,ZONE,5000,360,0,3.33,5,770,JACKY,43,1,0,0.000429026,0.504310345,0.000168109,0.514124294,0.001707133,0.53803132,9.16E-05,0.442105263,0.020884086,0.614895792,0.010560618,0.617685912,0.026022671,0.625745574,0.020881782,0.631167011,0.000621493,0.523458445,0.001096646,0.556603774,0.000347274,0.512820513,0.000209645,0.501953125,0.028508752,0.579666137,0.010681935,0.560064399,0.004806382,0.563155957,0.002026891,0.543209877,0.012379255,0.570917508,0.007877025,0.56611672,0.006627079,0.57574964,0.002990474,0.538395168,0.011293455,0.647826087,0.009400224,0.640739315,0.012954921,0.628809255,0.01414192,0.637086265
,,,,,,1500,,800,0.175,,0.528715074,MARKSMAN,PUSH,3200,15,0,8.33,2.67,720,JANET,44,4,2,0.013971078,0.522700199,0.006380546,0.52411432,0.027025788,0.537765845,0.004092539,0.51460886,0.008283845,0.519157517,0.009224641,0.522328974,0.013231839,0.52699851,0.02461889,0.540856095,0.00520271,0.504563651,0.00741333,0.507815117,0.008874175,0.518462773,0.006844581,0.522074659,0.005839535,0.473843527,0.009384616,0.511230148,0.012553586,0.503912584,0.013586676,0.517238839,0.036232941,0.559938647,0.043481719,0.566177455,0.028213465,0.553455541,0.035983734,0.568860844,0.013428482,0.454496208,0.012976436,0.483960948,0.014969075,0.468253968,0.013898666,0.46618934
,,,,,,1800,1060,260,0.16695,,0.515227986,CONTROLLER,SPAWN,3000,0,1,9,5,720,JESSIE,45,5,1,0.003535764,0.471757322,0.001877693,0.45270612,0.003335975,0.470520893,0.002141736,0.458802341,0.005379023,0.531055901,0.009930378,0.509668622,0.004938945,0.524359827,0.0075848,0.517206261,0.001280475,0.42517892,0.001986378,0.473125,0.001650885,0.441208198,0.002442036,0.437793427,0.005780614,0.450995766,0.0362482,0.551847887,0.034550903,0.559962603,0.037998453,0.55294629,0.019785447,0.532762783,0.017775192,0.544849411,0.018569186,0.529206972,0.016691437,0.526201886,0.007339837,0.512884044,0.007467333,0.496364518,0.006890527,0.520424403,0.007308686,0.541855774
,,,,,,1600,,800,0.144,,0.556755158,ARTILLERY,SPAWN,3000,0,0,6.33,6.67,720,JUJU,46,2,1,0.022139211,0.532910124,0.014334858,0.531968462,0.037367883,0.545301242,0.020156045,0.538991484,0.026923887,0.58674296,0.024645818,0.581993141,0.012611802,0.535163118,0.012986369,0.548525452,0.017450947,0.546450566,0.031354156,0.558733469,0.025735641,0.55657048,0.016463682,0.551009749,0.038500866,0.653803593,0.023490202,0.59230336,0.025268241,0.634614038,0.022681162,0.578375993,0.00697462,0.503237052,0.006445544,0.513993379,0.019964543,0.557330378,0.008164673,0.54608659,0.000396453,0.490825688,0.000231657,0.5,0.00125382,0.533527697,0.002248259,0.491803279
,,,,,,1000,,2600,0.215625,,0.554785672,ASSASIN,DMG,3800,150,0,3.67,7.33,820,KENJI,47,0,4,0.004845033,0.52519084,0.00229749,0.554361306,0.012148524,0.536309337,0.001524577,0.549652119,0.017071625,0.545528676,0.011460843,0.57034942,0.010084021,0.509080544,0.006387885,0.507637475,0.00504692,0.504621987,0.005690974,0.508071553,0.002747913,0.51749838,0.00168453,0.530627127,0.028014721,0.589403009,0.018091028,0.601009116,0.018505145,0.603706361,0.010690975,0.605748525,0.008602784,0.509437771,0.008078751,0.51332533,0.010943315,0.543414479,0.008338408,0.522124807,0.009565793,0.526806084,0.008647338,0.539765592,0.009975728,0.537193111,0.011307639,0.510919166
,,,,,,800,,1000,0.25,,0.521818716,SUPPORT,FOCUS,3000,75,0,3.67,6.67,820,KIT,48,6,5,0.005845477,0.462828219,0.003372628,0.482399324,0.011216667,0.500340483,0.002254561,0.432848589,0.001351252,0.466002747,0.001325309,0.500309598,0.000936215,0.46754386,0.000792794,0.430769231,0.017103544,0.531758402,0.020958775,0.549974332,0.014202598,0.511410658,0.011490347,0.542833725,0.006615481,0.519594409,0.001375811,0.453205128,0.001733696,0.460949464,0.001342252,0.478001491,0.001228721,0.417667845,0.002376103,0.495510204,0.002667493,0.499674691,0.001576514,0.492362248,0.001083881,0.488255034,0.000894053,0.538461538,0.001107602,0.48019802,0.001205214,0.458715596
,,,,,,2200,,1200,0.126,,0.522746971,ARTILLERY,SPAWN,2800,0,0,7.33,6.67,770,LARRY & LAWRIE,49,2,1,0.003397071,0.530212303,0.006177295,0.50199877,0.014508722,0.513161358,0.002675001,0.493871665,0.029265377,0.540495973,0.023681585,0.556067642,0.008653419,0.505362058,0.003684255,0.481019642,0.020066881,0.510379043,0.019887786,0.50678347,0.00628298,0.52154195,0.000592083,0.515905947,0.037704977,0.537780983,0.01833444,0.523690413,0.019721122,0.576736672,0.002108968,0.460370195,0.000978635,0.472937001,0.001635147,0.489916963,0.007233643,0.520993282,0.001555872,0.512990603,0.000196408,0.444444444,0.000112209,0.483870968,0.000464242,0.472440945,0.00085139,0.478354978
,,,,,,1900,,0,0.126,,0.524593512,ASSASIN,FOCUS,3400,17.5,0,4.67,0,820,LEON,50,0,5,0.0360844,0.532004305,0.03838205,0.557284965,0.028287998,0.521196166,0.030963087,0.530661185,0.003576735,0.463674105,0.005221634,0.502357379,0.00352641,0.480554262,0.005390185,0.476617891,0.017311819,0.51446102,0.022012383,0.517389833,0.031142423,0.531166009,0.028624729,0.521614121,0.006974446,0.489667273,0.003549768,0.504596273,0.004922316,0.502786767,0.010134455,0.537777778,0.020602568,0.49017955,0.025758898,0.507040663,0.022183404,0.501818964,0.02614966,0.506594527,0.025394816,0.513391578,0.025134832,0.520881336,0.026553201,0.526156388,0.025401646,0.506529309
,,,,,,800,,500,0.265,,0.517905696,ASSASIN,FOCUS,4100,0,2,2,9,820,LILY,51,0,5,0.004539907,0.49287169,0.002811315,0.527027027,0.010267623,0.546773294,0.003014439,0.497120921,0.000943835,0.479351032,0.001312999,0.5028125,0.000990417,0.448175788,0.001139184,0.464668094,0.004848642,0.516237113,0.015115512,0.541860592,0.003889464,0.492216117,0.005653863,0.535052144,0.006981698,0.549078162,0.002299191,0.523398542,0.001000039,0.485840708,0.001378286,0.525054466,0.003378766,0.509123619,0.004426341,0.508764242,0.00464772,0.522031367,0.002997354,0.496413199,0.000276426,0.440789474,0.000271474,0.453333333,0.000424032,0.431034483,0.000379624,0.393203883
,,,,,,1700,,845,0.07,,0.519385872,DPS,DMG,3800,15,0,9,9,720,LOLA,52,3,4,0.000907981,0.511201629,0.001934679,0.549828179,0.000473567,0.487903226,0.001467683,0.544678055,0.000230158,0.477822581,0.000548177,0.52994012,0.00026444,0.51552795,0.000946474,0.472079038,0.000465703,0.457960644,0.000451073,0.500917431,0.000774687,0.508045977,0.001709098,0.531384763,0.000233871,0.476744186,0.000875756,0.501510574,0.000773481,0.489702517,0.004195915,0.525644084,0.002541672,0.518619747,0.001755407,0.500552486,0.001332879,0.488932292,0.003236455,0.534679777,0.002680604,0.52578019,0.003232345,0.49944009,0.001590122,0.503448276,0.00150744,0.485330073
,,,,,,1100,,40,0.115,,0.519712824,CONTROLLER,ZONE,3200,0,0.33,9.33,7.67,720,LOU,53,5,0,0.005166802,0.459556192,0.002864502,0.461538462,0.006652854,0.505740528,0.002366421,0.452322738,0.026021815,0.566550162,0.028636516,0.541666667,0.029085901,0.569952283,0.037158042,0.543120049,0.004292132,0.515236801,0.006127977,0.488384657,0.004965121,0.452654232,0.004533573,0.476607659,0.030813927,0.546494867,0.048962101,0.536043014,0.046968201,0.523713069,0.052867325,0.52067477,0.01968906,0.51592132,0.023596159,0.511796136,0.02121672,0.521022495,0.020012179,0.510293106,0.03297107,0.506398235,0.03162124,0.510989011,0.032332471,0.516393443,0.032382307,0.537161393
,,,,,,,,,,,0.542490308,,,3000,,,8.67,,720,LUMI,54,3,0,0.000312523,0.420118343,0.000142465,0.46,0.000391457,0.541463415,6.65E-05,0.333333333,0.000338741,0.505479452,0.000299528,0.483561644,0.00022502,0.50729927,0.000256133,0.534920635,0.000167453,0.492537313,0.000192017,0.439655172,0.000363302,0.509803922,0.000176888,0.560185185,0.000262879,0.536206897,0.000272516,0.446601942,0.000294702,0.489489489,0.000295275,0.506779661,0.000270058,0.517684887,0.00059936,0.459546926,0.000289832,0.458083832,0.000279524,0.513846154,0.001673104,0.540217391,0.001722952,0.481092437,0.001747306,0.533472803,0.001717523,0.527896996
,,,,,,1500,,1240,0.2625,,0.536148015,MARKSMAN,ZONE,3600,0,0.67,8.67,3.33,720,MAISIE,55,4,0,0.007430283,0.508461921,0.004537995,0.506906656,0.005770645,0.50893448,0.004199578,0.473938002,0.039906489,0.559546512,0.043517722,0.559070338,0.040729459,0.563927815,0.04932641,0.561742743,0.004195492,0.522239873,0.005758842,0.526085082,0.005319518,0.512721794,0.007038666,0.508086097,0.011486897,0.532473169,0.019629113,0.536842342,0.020031753,0.532493925,0.013524618,0.518354056,0.016648084,0.534034008,0.013050141,0.521551724,0.015077322,0.52581295,0.016388691,0.526843348,0.025478472,0.531620271,0.023668875,0.526074323,0.025953707,0.533521127,0.025501159,0.538733921
,,,,,,1500,,2500,0.26,,0.520895923,MARKSMAN,DMG,2800,0,0.67,12,40,720,MANDY,56,4,4,0.06236408,0.537569683,0.051325497,0.518005181,0.046986261,0.517516053,0.056276271,0.530972087,0.00156749,0.423623446,0.004190109,0.456913435,0.001309059,0.456398996,0.001814888,0.433019713,0.040926041,0.546442748,0.050252891,0.532075037,0.058913621,0.528037242,0.051799507,0.51669486,0.000848464,0.364850427,0.001589238,0.39872364,0.002365579,0.383464272,0.006391964,0.367366113,0.002135283,0.430662871,0.006177868,0.452747253,0.003641987,0.458184417,0.004284884,0.442994781,0.009445766,0.462071621,0.010214645,0.449681077,0.008389262,0.429411765,0.008340674,0.477463544
,,,,,,1300,,0,0.0736,,0.52283576,SUPPORT,BOOST,3300,15,0,8.33,4,820,MAX,57,6,7,0.00891708,0.495852343,0.022399344,0.512593284,0.004397682,0.484585323,0.020484875,0.498846679,0.0130123,0.517723415,0.017851867,0.520846741,0.014145059,0.522352531,0.015395649,0.502931235,0.003545674,0.474741541,0.00236379,0.473214286,0.009034455,0.475162626,0.012215096,0.472747385,0.002256225,0.466452391,0.002689886,0.433770492,0.006025013,0.460634548,0.006582141,0.493232968,0.007747455,0.484532616,0.009783726,0.482057891,0.012469704,0.498608212,0.013583133,0.508896346,0.059151518,0.547777163,0.058384913,0.549442033,0.054985305,0.531445287,0.053840285,0.527108434
,,,,,,1900,,0,0.21,,0.520786728,CONTROLLER,ZONE,3000,0,0.67,7.67,5,720,MEEPLE,58,5,0,0.00743953,0.536664181,0.002939534,0.505654281,0.007145517,0.487974345,0.001818692,0.498939555,0.00362221,0.536254163,0.00296902,0.509397457,0.00154147,0.537293554,0.00203931,0.484649123,0.003623985,0.503103448,0.00289763,0.521279634,0.006804781,0.512169589,0.003342855,0.528417442,0.003786361,0.504788125,0.003056769,0.524523947,0.00314083,0.49732319,0.002721539,0.513791835,0.001797493,0.524154589,0.005456309,0.479025951,0.002268323,0.490053558,0.003518559,0.509166463,0.024245466,0.530528053,0.022908749,0.517380313,0.02382989,0.524390244,0.025007279,0.531245394
,,,,,,1100,,1700,0.0675,,0.50694956,TANK,DMG,3500,10,2,7.33,4.33,720,MEG,59,1,4,0.000621348,0.544642857,0.000443542,0.490364026,0.000620602,0.513846154,0.000309544,0.520249221,0.000941979,0.492118227,0.000969158,0.480948349,0.000789213,0.500520291,0.001264404,0.492604502,0.000380727,0.489059081,0.000860764,0.49375,0.000603722,0.51179941,0.001284894,0.526449968,0.001230998,0.460972018,0.00223481,0.50335438,0.003058526,0.506221065,0.004095821,0.560606061,0.002680609,0.481697441,0.002184075,0.495559503,0.001659156,0.47123431,0.002980153,0.501298701,0.002942482,0.510506799,0.003279401,0.508830022,0.002971882,0.537515375,0.002756882,0.472593583
,,,,,,1500,,0,0.207,,0.531159315,ASSASIN,PUSH,3600,360,0.83,2,5.33,720,MELODIE,60,0,2,0.007777942,0.492867332,0.009056044,0.523020451,0.008375264,0.485180119,0.008642162,0.497768355,0.01122022,0.517369727,0.011551112,0.523870418,0.004412529,0.486506607,0.006494404,0.480969075,0.002831707,0.509267432,0.002039349,0.486404221,0.005239378,0.523113528,0.002627933,0.47725148,0.022900369,0.523710565,0.020659207,0.500277481,0.018160884,0.504531943,0.017687502,0.528181767,0.005922175,0.501759531,0.010978567,0.508657244,0.008597761,0.536838918,0.009256966,0.537024993,0.054768711,0.523973967,0.054482933,0.545276375,0.053735141,0.533333333,0.052734584,0.508107353
,,,,,,2600,,1190,0.2071,,0.515853697,ASSASIN,PUSH,3300,0,0,4,3,820,MICO,61,0,2,0.005118722,0.519869942,0.005298759,0.551174046,0.014059979,0.552492191,0.002100271,0.527089073,0.002322929,0.480423492,0.001912876,0.518232518,0.000592936,0.4466759,0.000351269,0.49537037,0.021179903,0.536463045,0.014036246,0.521846807,0.012845559,0.567309025,0.002021928,0.535439449,0.029081647,0.515865594,0.004759776,0.571428571,0.003919622,0.550349966,0.001223141,0.532733224,0.001141017,0.503805175,0.001945495,0.546360917,0.002340347,0.546162403,0.001706385,0.524949597,0.000832915,0.384279476,0.00081804,0.39159292,0.000928485,0.42519685,0.000700278,0.428947368
,,,,,,1500,,600,0.1,,0.498762331,DPS,PUSH,3400,0,1,7.67,7.33,770,MOE,62,3,2,0.000575117,0.556270096,0.000420748,0.460496614,0.000933767,0.468302658,0.000227578,0.483050847,0.002746123,0.493578912,0.002052382,0.482007197,0.001418284,0.460625362,0.001620552,0.433517311,0.000809773,0.486625514,0.000778826,0.460148778,0.000514677,0.422145329,0.000546223,0.503748126,0.001746784,0.470679813,0.001039795,0.461407973,0.001380585,0.484615385,0.000936874,0.504807692,0.001824412,0.478343646,0.00125691,0.487654321,0.001693867,0.47079918,0.002311876,0.46577381,0.002215045,0.486863711,0.002074058,0.5,0.002496674,0.490483163,0.002321973,0.503968254
,,,,,,2400,,900,0.2125,,0.526875078,ASSASIN,PUSH,3800,0,0,2.67,10,820,MORTIS,63,0,2,0.018608995,0.516843884,0.014159151,0.539240676,0.027067798,0.543209877,0.010499427,0.531869949,0.031402695,0.487040813,0.028732529,0.506983121,0.018171605,0.479685452,0.018953057,0.478699215,0.014710048,0.505833381,0.012471146,0.505674277,0.01012614,0.487601126,0.005496629,0.471543504,0.018314494,0.548282518,0.030744075,0.559609868,0.030987047,0.545224767,0.020140791,0.540527781,0.022496448,0.519454202,0.025968383,0.531744846,0.025002755,0.535140388,0.024764082,0.521706665,0.023307073,0.506086142,0.023238137,0.511214953,0.023372958,0.506412261,0.02333767,0.50078964
,,,,,,1600,,260,0.1767,,0.587572865,CONTROLLER,SPAWN,3400,0,1.33,10.33,4.67,720,MR. P,64,5,1,0.026287077,0.657966936,0.017132876,0.636897832,0.027610109,0.643612975,0.016782882,0.637841875,0.008913068,0.574656393,0.009896733,0.616749585,0.007320544,0.562710343,0.009222428,0.593061189,0.021282374,0.615066938,0.020927324,0.596677872,0.025509468,0.629782184,0.017457039,0.615142844,0.012176727,0.581217896,0.012294984,0.624739976,0.012085426,0.627672818,0.011855061,0.640197568,0.012858587,0.646204754,0.024081078,0.645147,0.014286793,0.652028669,0.013674301,0.650229574,0.016796514,0.531507146,0.017367068,0.524906211,0.017988478,0.538610039,0.017263684,0.560204953
,,,,,,1800,,1800,0.185,,0.538877578,MARKSMAN,DMG,2400,50,0,8.67,3.33,720,NANI,65,4,4,0.02160108,0.506377879,0.061733062,0.56594049,0.003563211,0.455519829,0.069191299,0.584025532,9.28E-05,0.45,0.000192847,0.365957447,0.00011251,0.361313869,0.000135791,0.416167665,0.007232142,0.497408133,0.006329098,0.480057539,0.0275753,0.530579954,0.045231723,0.532408162,0.000240217,0.350943396,9.97E-05,0.309734513,0.000251337,0.316901408,0.002814626,0.400426743,0.000244007,0.37366548,0.000560566,0.408304498,0.000458177,0.401515152,0.000719021,0.41507177,0.000909296,0.354,0.001560068,0.431554524,0.000800544,0.449771689,0.000700278,0.428947368
1,1,0,0,600,0,1100,960,400,20.9,1,0.552857678,DPS,SPAWN,4000,0,1.67,6,2,720,NITA,66,3,1,0.000706413,0.397905759,0.000202301,0.38028169,0.002209343,0.473638721,0.000107039,0.351351351,0.037787733,0.560441585,0.025545223,0.560120788,0.054997705,0.59412564,0.039583584,0.573848113,0.000314079,0.452254642,0.000559497,0.474852071,0.000258229,0.434482759,0.000186715,0.447368421,0.033377449,0.569987236,0.014290792,0.592230314,0.013878417,0.593738044,0.003445214,0.580476467,0.026616788,0.559245726,0.01640772,0.543326634,0.018876373,0.552521491,0.012700698,0.552549604,0.003091606,0.495294118,0.002490317,0.503633721,0.004379231,0.524207012,0.004787687,0.538491147
,,,,,,1800,,800,0.1667,,0.613717273,TANK,PUSH,5600,13.5,0,6.33,5.67,770,OLLIE,67,1,2,0.011592943,0.641091083,0.00402417,0.624734482,0.016425905,0.638456173,0.002150415,0.601345291,0.011235997,0.62591889,0.011107975,0.636266253,0.00915027,0.605142703,0.008637793,0.601666196,0.006388211,0.636737089,0.007420779,0.642315414,0.013524079,0.647089808,0.00410855,0.647398844,0.010887714,0.601365415,0.009199411,0.603441664,0.009495945,0.626467847,0.007211729,0.650034698,0.007809976,0.604514121,0.017301911,0.62029148,0.00868367,0.635754972,0.008622232,0.635910224,0.021055656,0.589998273,0.020291744,0.596503746,0.022389642,0.593061224,0.022243026,0.583181442
,,,,,,1500,,1020,0.07705,,0.513121084,CONTROLLER,FOCUS,3200,11,1.33,9,9,720,OTIS,68,5,5,0.002243139,0.479802143,0.001409457,0.505390836,0.001831254,0.537017727,0.001166817,0.471900826,0.004691333,0.517903066,0.005825614,0.506127624,0.008434148,0.541626095,0.022420208,0.548435063,0.001562063,0.480533333,0.002470558,0.470519263,0.001722121,0.480351603,0.002542764,0.475040258,0.002273448,0.471491228,0.002636088,0.508865841,0.002093002,0.484989429,0.003051847,0.480485405,0.017425261,0.537399711,0.011523616,0.510183471,0.007033191,0.502405922,0.014743371,0.532493291,0.004091832,0.508444444,0.003840446,0.476908577,0.003717594,0.523107178,0.003512445,0.481112277
,,,,,,1300,,0,0.06825,,0.497623574,SUPPORT,HEAL,4800,30,0,9,3.33,720,PAM,69,6,3,0.000138694,0.466666667,0.000103525,0.550458716,0.000112663,0.372881356,9.45E-05,0.62244898,9.84E-05,0.443396226,0.000132121,0.456521739,7.64E-05,0.47311828,0.000144736,0.407303371,8.83E-05,0.5,0.000136564,0.515151515,0.000167404,0.468085106,0.000189172,0.454545455,0.000229339,0.490118577,0.000590893,0.513432836,0.000461965,0.48467433,0.001183104,0.550761421,0.000765888,0.5430839,0.000568325,0.518771331,0.000406111,0.5,0.000494542,0.535652174,0.000185496,0.607843137,0.000267854,0.493243243,0.000171806,0.5,0.000165855,0.422222222
,,,,,,1500,,2712,0.065,,0.533343573,DPS,BREAK,3900,20,0,9,3.33,720,PEARL,70,3,6,0.008190325,0.522013999,0.014237032,0.541360907,0.005950142,0.549101412,0.009649868,0.524332967,0.001425497,0.487304688,0.002467618,0.465580313,0.001805909,0.468849477,0.003215084,0.491527567,0.008598426,0.538271485,0.022024798,0.57829469,0.010720958,0.560049834,0.036619082,0.576303784,0.00146215,0.455052697,0.001653619,0.446933333,0.002270885,0.445440374,0.005008673,0.488009592,0.017621509,0.521115656,0.006375715,0.512625494,0.004662472,0.492276196,0.012516642,0.513742871,0.003113429,0.474883178,0.003782532,0.483732057,0.002774488,0.527009223,0.002454657,0.481231231
,,,,,,2000,960,1200,0.21805,,0.522982619,CONTROLLER,SPAWN,3200,40,1,8.67,13.33,720,PENNY,71,5,1,0.032348916,0.539530098,0.014606492,0.514662852,0.04044416,0.548630784,0.013223608,0.530883104,0.009542291,0.497179537,0.017798527,0.503849878,0.007642471,0.491188481,0.009926591,0.498935125,0.010521221,0.524665453,0.015534307,0.516569876,0.008989933,0.491085578,0.009599447,0.509725303,0.014081239,0.48187846,0.052115,0.549262167,0.046618629,0.525884162,0.052794257,0.546478339,0.03898736,0.545458595,0.026236059,0.535561142,0.044047473,0.552541371,0.037954162,0.558963493,0.00433916,0.456831517,0.004499222,0.513274336,0.004997003,0.489027067,0.005399508,0.515017065
,,,,,,2300,,900,0.2,,0.51193149,MARKSMAN,BREAK,2300,0,0.67,10,8.67,720,PIPER,72,4,6,0.062480583,0.51061059,0.083956698,0.538887066,0.025324384,0.481827779,0.081150694,0.539974333,0.000334101,0.397222222,0.004548722,0.475825365,0.000702983,0.459696262,0.00087248,0.410065238,0.058031251,0.521376172,0.049457512,0.488319165,0.066459252,0.517739429,0.073791757,0.512146535,0.000316361,0.372492837,0.000965713,0.421004566,0.002800109,0.381005057,0.026523747,0.399298087,0.001714131,0.443768997,0.00323538,0.428057554,0.011703473,0.488396233,0.019695672,0.487554585,0.011697183,0.467506219,0.015557245,0.441019079,0.007014812,0.414799375,0.00513414,0.436468055
,,,,,,1600,760,0,0.105,,0.531171846,SUPPORT,HEAL,3700,65,0,7,9.33,720,POCO,73,6,3,0.003021673,0.46878825,0.001021951,0.473977695,0.003043815,0.478670013,0.000755056,0.46743295,0.006780391,0.502463728,0.006579768,0.505113495,0.008495741,0.518801353,0.007038383,0.524087338,0.000997221,0.459899749,0.001628003,0.455007626,0.002106793,0.45350803,0.002342128,0.495979021,0.002295204,0.40521327,0.023385253,0.562471715,0.024616888,0.566346707,0.026001259,0.620087,0.010070302,0.508752264,0.013443895,0.514500072,0.008522266,0.502647388,0.008346148,0.518961253,0.014228662,0.543200409,0.017164368,0.523302404,0.015499115,0.500943396,0.014930654,0.516168847
,,,,,,1200,1600,2160,0.084,,0.493016003,DPS,DMG,2800,7.5,0.67,9.67,13.33,720,RICO,74,3,4,0.011383978,0.46231319,0.008671388,0.456845564,0.023569512,0.460665965,0.005923767,0.422920397,0.066378412,0.509542252,0.059426351,0.522218847,0.064355749,0.523824715,0.035783866,0.534630067,0.061912664,0.502502826,0.015796674,0.448627266,0.020503386,0.476635108,0.01378252,0.473767083,0.017431584,0.408736349,0.013649629,0.412870711,0.00950037,0.416814159,0.017810617,0.435680566,0.027109145,0.456404754,0.06844147,0.499518209,0.054844137,0.542712256,0.05254186,0.489196268,0.020233653,0.454071544,0.01888732,0.463395937,0.016248483,0.461079865,0.017318969,0.469674399
,,,,,,1000,1380,0,0.08625,,0.538788288,TANK,PUSH,5000,65,0,3.67,0,770,ROSA,75,1,2,0.000497448,0.513011152,0.000184255,0.463917526,0.001689947,0.49039548,0.000108003,0.517857143,0.000814835,0.499430524,0.00064419,0.477070064,0.011269894,0.554762078,0.007546584,0.55134145,0.000198278,0.516806723,0.001337495,0.53960396,0.000256448,0.527777778,0.000299727,0.519125683,0.001221027,0.500371195,0.002226873,0.504950495,0.000816846,0.484290358,0.001347257,0.551263001,0.017243775,0.553328633,0.018000194,0.546551724,0.005899897,0.537579056,0.003698314,0.51744186,0.000127301,0.571428571,0.000133927,0.459459459,0.000230293,0.468253968,0.000210083,0.561403509
,,,,,,1500,,1240,0.25375,,0.537471165,DPS,DMG,3900,0,0.33,10,3.33,720,R-T,76,3,4,0.009699312,0.533269781,0.015838342,0.547913169,0.005869941,0.517241379,0.01764112,0.546791298,0.000545698,0.534863946,0.000571155,0.510775862,0.001118531,0.498164464,0.001018029,0.528354633,0.021010784,0.57260111,0.017317081,0.554127037,0.011175085,0.554741036,0.017739569,0.551057151,0.023677221,0.564184533,0.000639399,0.484137931,0.00046816,0.497164461,0.000609569,0.44499179,0.00077544,0.450167973,0.001014451,0.478011472,0.000774909,0.48712206,0.000872974,0.482758621,0.000294612,0.401234568,0.000249756,0.47826087,0.000431343,0.542372881,0.000250626,0.588235294
,,,,,,1400,,1000,0.1525,,0.494320078,SUPPORT,BOOST,2800,0,0.47,9,7.67,720,RUFFS,77,6,7,0.001335158,0.470914127,0.000524272,0.47826087,0.001073164,0.514234875,0.000312437,0.425925926,0.001969339,0.485626767,0.002314161,0.488120567,0.001993152,0.466007417,0.00608703,0.482634251,0.001399608,0.455059524,0.000774688,0.438568376,0.001186073,0.488738739,0.00067807,0.469202899,0.000782291,0.514484357,0.00085018,0.450207469,0.001219517,0.491291727,0.001518417,0.480883322,0.001133202,0.498850575,0.00269615,0.515107914,0.016656644,0.532534514,0.003424811,0.524736313,0.000534666,0.380952381,0.000474174,0.419847328,0.000511763,0.417857143,0.00049388,0.373134328
,,,,,,1600,,1400,0.2,,0.528292659,ASSASIN,PUSH,5400,50,0,3,8.67,770,SAM,78,0,2,0.000930172,0.49304175,0.000373259,0.455470738,0.001453164,0.509855453,0.000302794,0.506369427,0.002048224,0.537834164,0.001684742,0.557233317,0.001555431,0.528247096,0.001220496,0.530313125,0.000698971,0.485101311,0.000594258,0.528551532,0.000653587,0.51226158,0.000331665,0.508641975,0.002726688,0.551695479,0.001431372,0.531731362,0.001141637,0.565891473,0.000892833,0.55941704,0.00091264,0.480494767,0.002205412,0.515391381,0.001641801,0.53858351,0.00117744,0.54017531,0.002855189,0.577070064,0.002942773,0.57503075,0.003483646,0.543022036,0.003593529,0.546153846
,,,,,,1800,,0,0.16875,,0.544031948,CONTROLLER,ZONE,3800,40,0,6,6.67,770,SANDY,79,5,0,0.000802574,0.410138249,0.000226995,0.368200837,0.001726229,0.478982301,0.000136932,0.478873239,0.017174639,0.555630606,0.013747924,0.546379753,0.025958614,0.565804043,0.022777982,0.562578089,0.000270758,0.470769231,0.000570256,0.458635704,0.000283162,0.427672956,0.000325932,0.445979899,0.003155452,0.476156277,0.027162558,0.566609305,0.030050728,0.580972435,0.017341179,0.588773449,0.044297345,0.549369768,0.024453496,0.513444912,0.029810143,0.535106104,0.027906789,0.541251888,0.005924972,0.546961326,0.005248489,0.545172414,0.007592373,0.570775156,0.008196933,0.564073741
,,,,,,800,,0,0.2,,0.516315082,ASSASIN,PUSH,3500,150,0,3.67,3.33,820,SHADE,80,0,2,0.000477106,0.449612403,0.000558464,0.43707483,0.00688009,0.495420483,0.000198648,0.378640777,0.009510737,0.539763856,0.005517059,0.556150528,0.003819593,0.497957429,0.001013963,0.536888532,0.001923628,0.455825032,0.001587447,0.491136601,0.000781811,0.444191344,0.000141674,0.433526012,0.02403528,0.509409768,0.002136034,0.490503716,0.001944323,0.507510241,0.000405378,0.491358025,0.000334316,0.397402597,0.001503249,0.505806452,0.002097375,0.526685974,0.000633874,0.50339213,0.000363718,0.485,0.000260615,0.381944444,0.000551973,0.506622517,0.000792419,0.437209302
5,9,0,50,0,0,1500,300,320,10.05,0,0.533586264,DPS,BREAK,3700,30,0,7.67,7.67,770,SHELLY,81,3,6,0.000858052,0.49137931,0.000505277,0.513157895,0.002346831,0.515052889,0.000299901,0.491961415,0.007684319,0.487016908,0.006610131,0.510428305,0.02485076,0.517250496,0.017939907,0.523840819,0.001752009,0.580361388,0.003855229,0.561614427,0.001129084,0.541798107,0.000900818,0.534090909,0.004661113,0.487942435,0.001504572,0.472157093,0.001161107,0.467987805,0.000705658,0.49787234,0.009729907,0.530923695,0.005875279,0.531528557,0.002901788,0.514952153,0.002538075,0.534056252,0.002495108,0.55393586,0.002240562,0.530694669,0.002518606,0.540638607,0.002966965,0.503726708
,,,,,,2000,,800,0.1431,,0.515789342,DPS,ZONE,2800,0,1,7.67,2.67,720,SPIKE,82,3,0,0.016436127,0.520364536,0.01223492,0.513196709,0.016345704,0.498014019,0.011960359,0.508909135,0.015542185,0.528393145,0.017560546,0.509813543,0.016226906,0.517865277,0.025134409,0.527660056,0.015609796,0.502241554,0.014320133,0.510230031,0.013451062,0.517476499,0.014795531,0.502269331,0.012048914,0.480740295,0.019858415,0.498712084,0.020949488,0.49989439,0.02633457,0.528392246,0.020658143,0.519672131,0.014008341,0.496122958,0.0167278,0.50396846,0.019122003,0.532631674,0.015654438,0.515915428,0.015702031,0.507491932,0.016449533,0.510555556,0.016290667,0.517307692
,,,,,,1700,,0,0.2288,,0.526634814,ARTILLERY,ZONE,3000,0,1.01,8.33,7.67,720,SPROUT,83,2,0,0.019661218,0.563487585,0.018046554,0.550865744,0.029807995,0.5247918,0.032434627,0.572617809,0.001859828,0.456586826,0.002326471,0.458201058,0.000624965,0.454007884,0.00087248,0.436626281,0.047455879,0.550111476,0.041868719,0.521270287,0.023224586,0.544590139,0.004800542,0.534118048,0.001031573,0.351493849,0.009452524,0.437534988,0.002884183,0.413777232,0.003496262,0.404523332,0.000264848,0.367213115,0.001157987,0.465661642,0.002587659,0.48574782,0.00105617,0.46009772,0.000385541,0.344339623,0.000351106,0.443298969,0.000372856,0.406862745,0.000633935,0.421511628
,,,,,,2100,,1000,0.35,,0.524607388,CONTROLLER,ZONE,3600,0,0.33,7.67,8.33,720,SQUEAK,84,5,0,0.024705969,0.585254491,0.00644608,0.537498158,0.023477854,0.5649451,0.006268027,0.547846154,0.00551452,0.499495119,0.006994183,0.477179397,0.00602052,0.501023053,0.01403123,0.525092721,0.012378201,0.538060304,0.016525841,0.542620324,0.016460766,0.543384183,0.014728379,0.5588268,0.005819593,0.44953271,0.016857208,0.481244114,0.013246533,0.473777392,0.019596283,0.476810706,0.013257161,0.499574245,0.013215013,0.516072215,0.00893532,0.509565893,0.010186705,0.532337048,0.007347111,0.488118812,0.007720708,0.46249414,0.006967291,0.47455404,0.006936433,0.50053135
,,,,,,1500,1080,800,1.35,,0.540096453,ASSASIN,PUSH,3200,0,1.33,7.67,2.33,720,STU,85,0,2,0.02105925,0.490779768,0.021890268,0.508981257,0.016574849,0.499308756,0.009860088,0.476381418,0.067058678,0.547912313,0.070869961,0.555349058,0.041408626,0.518325334,0.052113792,0.520229049,0.014583417,0.493344759,0.009709252,0.482865911,0.020323516,0.509069401,0.012797352,0.481282396,0.052968264,0.551965499,0.056691334,0.566792676,0.065804332,0.572307547,0.047712516,0.586273811,0.040063251,0.517773154,0.041146349,0.525621081,0.054696618,0.524535157,0.055531474,0.543412942,0.070343132,0.537823164,0.06930539,0.531937118,0.070681815,0.531133637,0.069965097,0.514065216
,,,,,,2000,,1000,0.354,,0.512025081,DPS,FOCUS,3000,0,1,6.67,3.33,650,SURGE,86,3,5,0.006320734,0.447630193,0.002466549,0.460531382,0.013800281,0.495918085,0.001456111,0.423178808,0.061931159,0.518177186,0.053002501,0.525964575,0.06159802,0.513032291,0.05836182,0.517499129,0.003538176,0.451848364,0.005355773,0.488409828,0.002188714,0.451179821,0.001807369,0.451291346,0.070167789,0.532484142,0.040847464,0.527355557,0.04342824,0.530618275,0.0180068,0.518121178,0.05581693,0.536053766,0.04227718,0.533905304,0.049694852,0.53733324,0.04617732,0.540026076,0.014465079,0.478501383,0.013490426,0.495170378,0.018255326,0.502202643,0.019637256,0.501783033
,,,,,,2000,,800,0.2,,0.552315028,DPS,ZONE,3100,25,0,8,6.67,720,TARA,87,3,0,0.00164953,0.480941704,0.000560363,0.476271186,0.002661906,0.49928264,0.000291222,0.48013245,0.018276244,0.523104656,0.019303552,0.534561918,0.035645976,0.547609722,0.035237448,0.568718848,0.00053735,0.49379845,0.001611449,0.49614792,0.000776468,0.490825688,0.000836942,0.511741683,0.004900423,0.483536811,0.013381522,0.493508205,0.014273122,0.508463542,0.011870075,0.543511257,0.043223191,0.597677596,0.040810785,0.595294677,0.030067,0.559886288,0.039166004,0.585071808,0.013639439,0.569866667,0.013457849,0.566299086,0.01585735,0.569156293,0.016471265,0.569254867
,,,,,,2400,1920,2000,0.176,,0.51908445,ARTILLERY,SPAWN,2200,0,0,8.67,3.33,720,TICK,88,2,1,0.021125823,0.545780812,0.014225635,0.533115236,0.024906194,0.553476961,0.022991122,0.555825854,0.004190181,0.503433001,0.003891402,0.470476592,0.001924168,0.469056765,0.002021421,0.480289622,0.027253202,0.553220432,0.029507651,0.544485583,0.015841016,0.526194491,0.010205452,0.520141229,0.004729099,0.438949588,0.011958087,0.495464267,0.010617228,0.508377094,0.013639726,0.473691935,0.001800098,0.450554752,0.003037533,0.439335888,0.003600334,0.472885033,0.002499372,0.480041294,0.001633095,0.477728285,0.001589025,0.437357631,0.001527979,0.48923445,0.001960777,0.521616541
,,,,,,2000,,0,0.085,,0.489600048,CONTROLLER,FOCUS,2800,0,0,7.33,8.33,720,WILLOW,89,5,5,0.00041978,0.519823789,0.000476784,0.438247012,0.001498993,0.518471338,0.000297008,0.431818182,0.004848174,0.542017611,0.003353072,0.545276554,0.00140925,0.527097902,0.000611468,0.497340426,0.002004439,0.497921862,0.001565101,0.480698043,0.000655368,0.467391304,9.91E-05,0.355371901,0.004787114,0.486271539,0.000643809,0.402054795,0.000692947,0.480204342,0.000109102,0.357798165,0.000161514,0.403225806,0.000246339,0.417322835,0.000387889,0.476510067,0.000153093,0.488764045,0.000385541,0.54245283,0.000329388,0.532967033,0.000445965,0.487704918,0.000637621,0.465317919
